Platform,Ad Form Field,Page/URL Context,Request Method,Full Request Name/Operation,Request Description,JSON Path (Primary),Alternative Sources / Paths,Validation Logic,Coverage,Technical Notes
Instagram,ig-follower-count,Profile page (instagram.com/{username}),POST,PolarisProfilePageContentQuery,"Core profile data query - gets basic account stats, follower count, account type, verification status",data.user.follower_count,PolarisAccountInsightsProfileQuery → accounts_reached_30d (proxy),≥ target_value,100%,Always available for public profiles
Instagram,ig-audience-gender,Business insights page (instagram.com/accounts/insights/audience/),POST,PolarisAccountInsightsFollowersQuery,"Business analytics query for follower demographics - age, gender, location breakdown",data.business_manager.account_insights_node.follower_demographics.gender[].percentage,—,≥ gender_threshold,90%,Professional accounts only
Instagram,ig-audience-age,Business insights page (instagram.com/accounts/insights/audience/),POST,PolarisAccountInsightsFollowersQuery,"Business analytics query for follower demographics - age, gender, location breakdown",data.business_manager.account_insights_node.follower_demographics.age_ranges[].percentage,—,≥ age_range_threshold,90%,Professional accounts only
Instagram,ig-profile-visits-7d,Business insights page (instagram.com/accounts/insights/),POST,PolarisAccountInsightsProfileQuery,"Analytics query for profile performance metrics over time periods",data.business_manager.account_insights_node.profile_actions.profile_visits_7d,—,≥ target_visits,85%,Professional accounts only
Instagram,ig-profile-visits-30d,Business insights page (instagram.com/accounts/insights/),POST,PolarisAccountInsightsProfileQuery,"Analytics query for profile performance metrics over time periods",data.business_manager.account_insights_node.profile_actions.profile_visits_30d,—,≥ target_visits,85%,Professional accounts only
Instagram,ig-profile-visits-90d,Business insights page (instagram.com/accounts/insights/),POST,PolarisAccountInsightsProfileQuery,"Analytics query for profile performance metrics over time periods",data.business_manager.account_insights_node.profile_actions.profile_visits_90d,—,≥ target_visits,85%,Professional accounts only
Instagram,ig-accounts-reached-7d,Business insights page (instagram.com/accounts/insights/),POST,PolarisAccountInsightsProfileQuery,"Analytics query for profile performance metrics over time periods",data.business_manager.account_insights_node.profile_actions.accounts_reached_7d,PolarisAccountInsightsTopContentByViewsQuery (growth proxy),≥ target_reach,85%,Professional accounts only
Instagram,ig-accounts-reached-30d,Business insights page (instagram.com/accounts/insights/),POST,PolarisAccountInsightsProfileQuery,"Analytics query for profile performance metrics over time periods",data.business_manager.account_insights_node.profile_actions.accounts_reached_30d,PolarisAccountInsightsTopContentByViewsQuery (growth proxy),≥ target_reach,85%,Professional accounts only
Instagram,ig-accounts-engaged-7d,Business insights page (instagram.com/accounts/insights/),POST,PolarisAccountInsightsProfileQuery,"Analytics query for profile performance metrics over time periods",data.business_manager.account_insights_node.profile_actions.accounts_engaged_7d,PolarisInsightsMediaGridCardViewInitialQuery → medias.edges[].node.inline_insights_node.metric_single_value_query.results[].total_value (content-level),≥ target_engagement,85%,Professional accounts only
Instagram,ig-accounts-engaged-30d,Business insights page (instagram.com/accounts/insights/),POST,PolarisAccountInsightsProfileQuery,"Analytics query for profile performance metrics over time periods",data.business_manager.account_insights_node.profile_actions.accounts_engaged_30d,PolarisInsightsMediaGridCardViewInitialQuery (aggregated content engagement),≥ target_engagement,85%,Professional accounts only
Instagram,ig-follower-growth-7d,Business insights page (instagram.com/accounts/insights/),POST,PolarisAccountInsightsTopContentByViewsQuery,"Growth metrics and top content performance analytics query",data.business_manager.follower_growth.growth_7d.percentage,—,≥ growth_rate_threshold,80%,Professional accounts only
Instagram,ig-follower-growth-30d,Business insights page (instagram.com/accounts/insights/),POST,PolarisAccountInsightsTopContentByViewsQuery,"Growth metrics and top content performance analytics query",data.business_manager.follower_growth.growth_30d.percentage,—,≥ growth_rate_threshold,80%,Professional accounts only
Instagram,ig-follower-growth-90d,Business insights page (instagram.com/accounts/insights/),POST,PolarisAccountInsightsTopContentByViewsQuery,"Growth metrics and top content performance analytics query",data.business_manager.follower_growth.growth_90d.percentage,—,≥ growth_rate_threshold,80%,Professional accounts only
Instagram,ig-engagement-rate,Business insights page (instagram.com/accounts/insights/),POST,PolarisAccountInsightsTopContentByViewsQuery,"Growth metrics and top content performance analytics query",data.business_manager.engagement_metrics.overall_engagement_rate,PolarisInsightsMediaGridCardViewInitialQuery → calculate from content engagement patterns,≥ target_rate,80%,Professional accounts only
Instagram,ig-top-location,Business insights page (instagram.com/accounts/insights/audience/),POST,PolarisAccountInsightsFollowersQuery,"Business analytics query for follower demographics - age, gender, location breakdown",data.business_manager.account_insights_node.follower_demographics.top_locations[].location_name,PolarisProfilePageContentQuery → data.user.city_name,equals target_location,75%,Professional accounts only
Instagram,ig-account-type,Profile page (instagram.com/{username}),POST,PolarisProfilePageContentQuery,"Core profile data query - gets basic account stats, follower count, account type, verification status",data.user.account_type,—,match target_type (1=personal 2=business 3=creator),100%,Always available
Instagram,ig-is-verified,Profile page (instagram.com/{username}),POST,PolarisProfilePageContentQuery,"Core profile data query - gets basic account stats, follower count, account type, verification status",data.user.is_verified,—,true/false,100%,Always available
Instagram,ig-category,Profile page (instagram.com/{username}),POST,PolarisProfilePageContentQuery,"Core profile data query - gets basic account stats, follower count, account type, verification status",data.user.category,—,equals target_category,80%,Business/Professional accounts
Instagram,ig-content-engagement-trend,Content insights page (instagram.com/accounts/insights/content/),POST,PolarisInsightsMediaGridCardViewInitialQuery,"Content-level engagement insights for top 20 posts sorted by engagement over 90 days",data.user.business_manager.medias.edges[].node.inline_insights_node.metric_single_value_query.results[].total_value,—,analyze top 20 content pieces for engagement patterns,85%,Professional accounts only
TikTok,tiktok-followers,Profile page (tiktok.com/@username),GET,/api/user/detail/self/,"Core user profile API - provides basic account stats including follower count, video count, likes",userInfo.stats.followerCount,/api/ba/business/suite/analytics/query/insights → followers.uv.number.follower,≥ target_value,100%,Always available
TikTok,tiktok-video-views,Creator Center analytics (tiktok.com/creator-center/analytics),GET,/api/ba/business/suite/analytics/query/insights,"Business analytics API for comprehensive metrics with parameter metric_name filtering",metrics[].value where metric_name = "self.pv.number.profile_views",/api/ba/business/suite/analytics/insights/video → video-specific views,≥ target_views,85%,Business accounts only
TikTok,tiktok-profile-views,Creator Center analytics (tiktok.com/creator-center/analytics),GET,/api/ba/business/suite/analytics/query/insights,"Business analytics API for comprehensive metrics with parameter metric_name filtering",metrics[].value where metric_name = "self.pv.number.profile_views",/api/user/detail/self/ → userInfo.stats.heart (proxy),≥ target_views,90%,Business accounts recommended
TikTok,tiktok-likes,Profile page (tiktok.com/@username),GET,/api/user/detail/self/,"Core user profile API - provides basic account stats including follower count, video count, likes",userInfo.stats.diggCount,userInfo.stats.heart (alternative total engagement),≥ target_likes,100%,Always available
TikTok,tiktok-comments,Creator Center analytics video details (tiktok.com/creator-center/content),GET,/api/ba/business/suite/analytics/insights/video,"Video-level analytics API requiring aggregation across all user videos",video-level data aggregation required,—,≥ target_comments,60%,Requires video enumeration
TikTok,tiktok-shares,Creator Center analytics video details (tiktok.com/creator-center/content),GET,/api/ba/business/suite/analytics/insights/video,"Video-level analytics API requiring aggregation across all user videos",video-level data aggregation required,—,≥ target_shares,60%,Requires video enumeration
TikTok,tiktok-audience-age,Creator Center analytics audience (tiktok.com/creator-center/analytics/audience),GET,/api/ba/business/suite/analytics/query/insights,"Business analytics API for comprehensive metrics with parameter metric_name filtering",metrics[].value_map where metric_name = "followers.uv.list_string_number.age_distribution",—,≥ age_range_threshold,85%,Business accounts only
TikTok,tiktok-audience-gender,Creator Center analytics audience (tiktok.com/creator-center/analytics/audience),GET,/api/ba/business/suite/analytics/query/insights,"Business analytics API for comprehensive metrics with parameter metric_name filtering",metrics[].value_map where metric_name = "followers.uv.list_string_number.gender_distribution",—,≥ gender_threshold,85%,Business accounts only
TikTok,tiktok-audience-location,Creator Center analytics audience (tiktok.com/creator-center/analytics/audience),GET,/api/ba/business/suite/analytics/query/insights,"Business analytics API for comprehensive metrics with parameter metric_name filtering",metrics[].value_map where metric_name = "followers.uv.list_string_number.top10_country",—,≥ location_percentage_threshold,85%,Business accounts only
TikTok,tiktok-viewer-type,Creator Center analytics audience (tiktok.com/creator-center/analytics/audience),GET,/api/ba/business/suite/analytics/query/insights,"Business analytics API for comprehensive metrics with parameter metric_name filtering",metrics[].value_map where metric_name contains "audience_type",followers.uv.list_daily.active_audience (temporal analysis),match viewer_type,70%,Business accounts only
TikTok,tiktok-active-time,Creator Center analytics audience (tiktok.com/creator-center/analytics/audience),GET,/api/ba/business/suite/analytics/query/insights,"Business analytics API for comprehensive metrics with parameter metric_name filtering",metrics[].value_map where metric_name = "followers.uv.list_hourly.active_audience",followers.uv.list_daily.active_audience (daily patterns),during time_range,80%,Business accounts only
TikTok,tiktok-follower-growth,Creator Center analytics overview (tiktok.com/creator-center/analytics),GET,/api/ba/business/suite/analytics/query/insights,"Business analytics API for comprehensive metrics with parameter metric_name filtering",metrics[].value where metric_name = "followers.uv.number.follower_increment",followers.uv.number.follower_increment_value (absolute growth),≥ growth_threshold,80%,Business accounts only
TikTok,tiktok-engagement-rate,Calculated across multiple pages,Calculated,"Calculated from /api/user/detail/self/ + analytics APIs","Engagement rate calculated from multiple data sources: (likes + comments + shares) / followers * 100","(diggCount / followerCount) * 100",profile_views + likes ratio calculations,≥ engagement_rate_threshold,75%,Requires cross-API calculation
Reddit,reddit-account-age,User profile page (reddit.com/user/{username}),POST,Profile API (endpoint needs identification),"User profile data query to get account creation date for age calculation - specific endpoint not captured in sessions",calculated: (Date.now() - createdAt) / (1000*60*60*24),User creation date from profile data,≥ target_age_days,70%,Requires profile API identification
Reddit,reddit-top-commenter,User awards/trophies page (reddit.com/user/{username}/gilded or similar),POST,TrophyCategories GraphQL Operation,"GraphQL query to fetch all user achievements and trophies with filtering for commenter-specific achievements",data.redditorInfoByName.trophyCase.categories.edges[].node.trophies.edges[].node,Filter by achievement ID matching tier (monthly-top-25-commenter etc.),has_achievement OR ≥ min_unlocked_count,90%,Achievement-based targeting system
Reddit,reddit-top-poster,User awards/trophies page (reddit.com/user/{username}/gilded or similar),POST,TrophyCategories GraphQL Operation,"GraphQL query to fetch all user achievements and trophies with filtering for poster-specific achievements",data.redditorInfoByName.trophyCase.categories.edges[].node.trophies.edges[].node,Filter by achievement ID matching tier (monthly-top-25-poster etc.),has_achievement OR ≥ min_unlocked_count,90%,Achievement-based targeting system
Reddit,reddit-total-achievements,User awards/trophies page (reddit.com/user/{username}/gilded or similar),POST,TrophyCategories GraphQL Operation,"GraphQL query to fetch all user achievements and trophies with total count",data.redditorInfoByName.trophyCase.totalUnlocked,—,≥ target_achievement_count,95%,High reliability field
Reddit,reddit-streak-days,User awards/trophies page (reddit.com/user/{username}/gilded or similar),POST,TrophyCategories GraphQL Operation,"GraphQL query to fetch all user achievements and trophies with Reddit Streak category parsing",categories.edges[].node where name="Reddit Streak" → trophies.edges[].node.pill.text,Parse numeric value from streak text (e.g. "1d"),≥ target_streak_days,80%,Requires text parsing
Reddit,reddit-karma-score,User profile page (reddit.com/user/{username}),POST,Profile API (endpoint needs identification),"User profile data query to get comment karma and link karma scores - specific endpoint not captured in sessions",Profile data → comment_karma + link_karma,Separate comment and link karma fields,≥ target_karma,70%,Requires profile API identification
Reddit,reddit-community-engagement,User awards/trophies page (reddit.com/user/{username}/gilded or similar),POST,TrophyCategories GraphQL Operation,"GraphQL query to fetch all user achievements and trophies with calculated engagement score",Calculated from achievement diversity and counts,Cross-category achievement analysis,≥ engagement_threshold,85%,Calculated metric
Reddit,reddit-content-quality-score,User awards/trophies page (reddit.com/user/{username}/gilded or similar),POST,TrophyCategories GraphQL Operation,"GraphQL query to fetch all user achievements and trophies filtered for quality indicators",Achievement nodes with "Quality" or "Captivating" in name,Filter achievements by quality indicators,≥ quality_threshold,75%,Achievement-based quality metric